Variable,VIF
is_competition_month,1.7013706994951332
post,2.5733557928222552
interaction,
lag1,7.102735010083008
lag2,11.175516179929014
lag3,6.876471461791496
