Variable,VIF
is_competition_month,13.173831762940935
post,2.9886894387124077
interaction,13.758834661077241
lag1,3.340357626981958
lag2,4.09425062128848
lag3,3.7647732769856432
