Variable,VIF
is_competition_month,1.662114930817672
post,1.5638530680609317
interaction,1.6699780074905888
lag1,7.921035281271577
lag2,16.96624880831435
lag3,9.395195195546638
